productId,currentTitle,currentBrand,currentModel,currentProcessor,currentRAM,currentStorage,currentScreenSize,reasonNotApproved,exactDataNeeded,safeNextAction,suggestedSearchQuery
prod_import_xlsx_1776538003641_59,Dell Latitude 7440 Laptop,Dell,Latitude 7440,,,,,"Processor string is too generic (""Core i5 Ultra"") to safely confirm the exact CPU/spec combination from current draft data.","Exact processor SKU/generation, official CPU name, and source-backed full specs for the same model.","Verify the exact processor and full spec sheet from a trusted source, then revisit approval.",Dell Latitude 7440 specifications
prod_import_xlsx_1776538003641_60,Dell Latitude 7450 Laptop,Dell,Latitude 7450,,,,,"Processor string is too generic (""Core i5 Ultra"") to safely confirm the exact CPU/spec combination from current draft data.","Exact processor SKU/generation, official CPU name, and source-backed full specs for the same model.","Verify the exact processor and full spec sheet from a trusted source, then revisit approval.",Dell Latitude 7450 specifications
prod_import_xlsx_1776538003641_68,Dell Latitude 5450 Laptop,Dell,Latitude 5450,,,,,"Processor string is too generic (""Core i5 Ultra"") to safely confirm the exact CPU/spec combination from current draft data.","Exact processor SKU/generation, official CPU name, and source-backed full specs for the same model.","Verify the exact processor and full spec sheet from a trusted source, then revisit approval.",Dell Latitude 5450 specifications
prod_import_xlsx_1776538003641_69,Dell Latitude 5480 Laptop,Dell,Latitude 5480,,,,,"Processor is recorded only as ""Core i5"", so the exact model/spec bundle is still too weak for safe approval.","Trusted exact model specifications that confirm CPU, RAM, storage, and display size.","Verify the exact processor and full spec sheet from a trusted source, then revisit approval.",Dell Latitude 5480 specifications
prod_import_xlsx_1776538003641_76,Dell Inspiron 14 3000 Laptop,Dell,Inspiron 14 3000,,,,,Model is still a broad series-level identifier (Inspiron 14 3000) rather than a clearly pinned exact SKU/config.,"Exact sub-model / SKU / part number that proves the listed CPU, RAM, storage, and screen size belong to one exact model.",Find the exact sub-model or SKU before approving any content update.,Dell Inspiron 14 3000 specifications
prod_import_xlsx_1776538003641_77,Dell Inspiron 15 3000 Laptop,Dell,Inspiron 15 3000,,,,,Model is still a broad series-level identifier (Inspiron 15 3000) rather than a clearly pinned exact SKU/config.,"Exact sub-model / SKU / part number that proves the listed CPU, RAM, storage, and screen size belong to one exact model.",Find the exact sub-model or SKU before approving any content update.,Dell Inspiron 15 3000 specifications
prod_import_xlsx_1776538003641_78,Dell Inspiron 14 5000 Laptop,Dell,Inspiron 14 5000,,,,,Model is still a broad series-level identifier (Inspiron 14 5000) rather than a clearly pinned exact SKU/config.,"Exact sub-model / SKU / part number that proves the listed CPU, RAM, storage, and screen size belong to one exact model.",Find the exact sub-model or SKU before approving any content update.,Dell Inspiron 14 5000 specifications
prod_import_xlsx_1776538003641_79,Dell Inspiron 15 5000 Laptop,Dell,Inspiron 15 5000,,,,,Model is still a broad series-level identifier (Inspiron 15 5000) rather than a clearly pinned exact SKU/config.,"Exact sub-model / SKU / part number that proves the listed CPU, RAM, storage, and screen size belong to one exact model.",Find the exact sub-model or SKU before approving any content update.,Dell Inspiron 15 5000 specifications
prod_import_xlsx_1776538003641_80,Dell Inspiron 14 7000 Laptop,Dell,Inspiron 14 7000,,,,,Model is still a broad series-level identifier (Inspiron 14 7000) rather than a clearly pinned exact SKU/config.,"Exact sub-model / SKU / part number that proves the listed CPU, RAM, storage, and screen size belong to one exact model.",Find the exact sub-model or SKU before approving any content update.,Dell Inspiron 14 7000 specifications
prod_import_xlsx_1776538003641_81,Dell Inspiron 15 7000 Laptop,Dell,Inspiron 15 7000,,,,,Model is still a broad series-level identifier (Inspiron 15 7000) rather than a clearly pinned exact SKU/config.,"Exact sub-model / SKU / part number that proves the listed CPU, RAM, storage, and screen size belong to one exact model.",Find the exact sub-model or SKU before approving any content update.,Dell Inspiron 15 7000 specifications
prod_import_xlsx_1776538003641_82,Dell Inspiron 3501 Laptop,Dell,Inspiron 3501,,,,,"Consumer model family is plausible, but current draft data still does not prove the exact variant-specific spec bundle strongly enough.","Variant-specific proof for CPU, RAM, storage, and display from a trusted source for this exact model.","Verify the exact processor and full spec sheet from a trusted source, then revisit approval.",Dell Inspiron 3501 specifications
prod_import_xlsx_1776538003641_83,Dell Inspiron 3511 Laptop,Dell,Inspiron 3511,,,,,"Consumer model family is plausible, but current draft data still does not prove the exact variant-specific spec bundle strongly enough.","Variant-specific proof for CPU, RAM, storage, and display from a trusted source for this exact model.","Verify the exact processor and full spec sheet from a trusted source, then revisit approval.",Dell Inspiron 3511 specifications
prod_import_xlsx_1776538003641_84,Dell Inspiron 3520 Laptop,Dell,Inspiron 3520,,,,,"Consumer model family is plausible, but current draft data still does not prove the exact variant-specific spec bundle strongly enough.","Variant-specific proof for CPU, RAM, storage, and display from a trusted source for this exact model.","Verify the exact processor and full spec sheet from a trusted source, then revisit approval.",Dell Inspiron 3520 specifications
prod_import_xlsx_1776538003641_85,Dell Inspiron 3530 Laptop,Dell,Inspiron 3530,,,,,"Consumer model family is plausible, but current draft data still does not prove the exact variant-specific spec bundle strongly enough.","Variant-specific proof for CPU, RAM, storage, and display from a trusted source for this exact model.","Verify the exact processor and full spec sheet from a trusted source, then revisit approval.",Dell Inspiron 3530 specifications
prod_import_xlsx_1776538003641_88,Dell Vostro 3510 Laptop,Dell,Vostro 3510,,,,,"Spec suggestion looks too strong for the currently stored model-only record, so exact CPU/config confirmation is still missing.",Trusted source that confirms the exact CPU and configuration for this exact model number.,"Verify the exact processor and full spec sheet from a trusted source, then revisit approval.",Dell Vostro 3510 specifications
prod_import_xlsx_1776538003641_96,Dell G3 15 Laptop,Dell,G3 15,,,,,Gaming family title is too broad to safely approve the exact configuration without stronger variant evidence.,"Exact Dell gaming sub-model / SKU plus verified CPU, GPU, RAM, storage, and display specifications.",Find the exact sub-model or SKU before approving any content update.,Dell G3 15 specifications
prod_import_xlsx_1776538003641_97,Dell G5 15 Laptop,Dell,G5 15,,,,,Gaming family title is too broad to safely approve the exact configuration without stronger variant evidence.,"Exact Dell gaming sub-model / SKU plus verified CPU, GPU, RAM, storage, and display specifications.",Find the exact sub-model or SKU before approving any content update.,Dell G5 15 specifications
prod_import_xlsx_1776538003641_98,Dell G15 Gaming Laptop,Dell,G15 Gaming,,,,,Gaming family title is too broad to safely approve the exact configuration without stronger variant evidence.,"Exact Dell gaming sub-model / SKU plus verified CPU, GPU, RAM, storage, and display specifications.",Find the exact sub-model or SKU before approving any content update.,Dell G15 Gaming specifications
prod_import_xlsx_1776538003641_107,Lenovo ThinkPad T15 Laptop,Lenovo,ThinkPad T15,,,,,"Processor is recorded only as ""Core i5"", so the exact ThinkPad T15 configuration is still not safely pinned down.","Trusted exact model specifications that confirm CPU, RAM, storage, and display size.","Verify the exact processor and full spec sheet from a trusted source, then revisit approval.",Lenovo ThinkPad T15 specifications
prod_import_xlsx_1776538003641_108,Lenovo ThinkPad T16 Laptop,Lenovo,ThinkPad T16,,,,,"Processor is recorded only as ""Core i5"", so the exact ThinkPad T16 configuration is still not safely pinned down.","Trusted exact model specifications that confirm CPU, RAM, storage, and display size.","Verify the exact processor and full spec sheet from a trusted source, then revisit approval.",Lenovo ThinkPad T16 specifications
prod_import_xlsx_1776538003641_109,Lenovo ThinkPad X280 Laptop,Lenovo,ThinkPad X280,,,,,"Current spec suggestion likely conflicts with the model’s usual screen class, so the stored configuration needs review before approval.",Confirmed display size and full model specs from a trusted source for the exact ThinkPad model.,"Verify display size first, then re-check the rest of the specs before any approval.",Lenovo ThinkPad X280 specifications
prod_import_xlsx_1776538003641_110,Lenovo ThinkPad X390 Laptop,Lenovo,ThinkPad X390,,,,,"Current spec suggestion likely conflicts with the model’s usual screen class, so the stored configuration needs review before approval.",Confirmed display size and full model specs from a trusted source for the exact ThinkPad model.,"Verify display size first, then re-check the rest of the specs before any approval.",Lenovo ThinkPad X390 specifications
prod_import_xlsx_1776538003641_133,Lenovo IdeaPad S340 Laptop,Lenovo,IdeaPad S340,,,,,IdeaPad S340 is still a broad family identifier and the current record does not safely prove the exact variant-specific spec set.,"Variant-specific proof for CPU, RAM, storage, and display from a trusted source for this exact model.","Verify the exact processor and full spec sheet from a trusted source, then revisit approval.",Lenovo IdeaPad S340 specifications
